{"cameraMode":{"drawMode":0,"name":"Shaded","section":"Shading Mode"},"sceneLighting":true,"audioPlay":false,"sceneViewState":{"m_AlwaysRefresh":false,"showFog":true,"showSkybox":true,"showFlares":true,"showImageEffects":true,"showParticleSystems":true,"showVisualEffectGraphs":true,"m_FxEnabled":true},"in2DMode":false,"pivot":{"x":43.65653610229492,"y":-18.018022537231447,"z":-12.445645332336426},"rotation":{"x":-0.15804491937160493,"y":-0.08520244807004929,"z":0.013689564540982247,"w":-0.9836537837982178},"size":766.0554809570313,"orthographic":true}