{"cameraMode":{"drawMode":0,"name":"Shaded","section":"Shading Mode"},"sceneLighting":true,"audioPlay":false,"sceneViewState":{"m_AlwaysRefresh":false,"showFog":true,"showSkybox":true,"showFlares":true,"showImageEffects":true,"showParticleSystems":true,"showVisualEffectGraphs":true,"m_FxEnabled":true},"in2DMode":false,"pivot":{"x":4.633877754211426,"y":4.237421035766602,"z":2.7096691131591799},"rotation":{"x":0.010061216540634632,"y":-0.873026430606842,"z":-0.018077809363603593,"w":-0.4872862994670868},"size":2.117936849594116,"orthographic":true}