{"cameraMode":{"drawMode":0,"name":"Shaded","section":"Shading Mode"},"sceneLighting":false,"audioPlay":false,"sceneViewState":{"m_AlwaysRefresh":false,"showFog":true,"showSkybox":false,"showFlares":true,"showImageEffects":true,"showParticleSystems":true,"showVisualEffectGraphs":true,"m_FxEnabled":true},"in2DMode":false,"pivot":{"x":-0.3736669719219208,"y":1.006944179534912,"z":-1.5200796127319337},"rotation":{"x":-0.0001345223281532526,"y":-0.9928928017616272,"z":0.11911654472351074,"w":-0.0011951463529840112},"size":2.907564640045166,"orthographic":false}